Workbook

Sheet Auxiliar_ativos
A1: Classe | B1: Ticker | C1: Nome | D1: Tipo | E1: Moeda | F1: Preço Atual | G1: Variação dia | H1: Quantidade | I1: Preço Médio | J1: Preço Teto | K1: Viés | L1: P/VP | M1: Desconto P/VP | N1: P/L | O1: Desconto P/L
A2: Ações | B2: WIZC3 | C2: =VLOOKUP(B2,'Carteira Ações'!A:B,2,FALSE) | E2: R$ | F2: =VLOOKUP(B2,'Carteira Ações'!A:J,10,FALSE) | G2: =VLOOKUP(B2,'Carteira Ações'!A:K,11,FALSE) | H2: =VLOOKUP(B2,'Carteira Ações'!A:G,7,FALSE) | I2: =VLOOKUP(B2,'Carteira Ações'!A:L,12,FALSE) | J2: =IFERROR(VLOOKUP(B2,'Distribuição e Metas'!C42:S53,3,FALSE),"") | K2: =IFERROR(VLOOKUP(B2,'Distribuição e Metas'!C42:S53,4,FALSE),"") | L2: =IFERROR(VLOOKUP(B2,'Distribuição e Metas'!C42:S53,6,FALSE),"") | M2: =IFERROR(VLOOKUP(B2,'Distribuição e Metas'!C42:S53,8,FALSE),"") | N2: =IFERROR(VLOOKUP(B2,'Distribuição e Metas'!C42:S53,7,FALSE),"") | O2: =IFERROR(VLOOKUP(B2,'Distribuição e Metas'!C42:S53,9,FALSE),"")
A3: Ações | B3: VAMO3 | C3: =VLOOKUP(B3,'Carteira Ações'!A:B,2,FALSE) | E3: R$ | F3: =VLOOKUP(B3,'Carteira Ações'!A:J,10,FALSE) | G3: =VLOOKUP(B3,'Carteira Ações'!A:K,11,FALSE) | H3: =VLOOKUP(B3,'Carteira Ações'!A:G,7,FALSE) | I3: =VLOOKUP(B3,'Carteira Ações'!A:L,12,FALSE) | J3: =IFERROR(VLOOKUP(B3,'Distribuição e Metas'!C42:S53,3,FALSE),"") | K3: =IFERROR(VLOOKUP(B3,'Distribuição e Metas'!C42:S53,4,FALSE),"") | L3: =IFERROR(VLOOKUP(B3,'Distribuição e Metas'!C42:S53,6,FALSE),"") | M3: =IFERROR(VLOOKUP(B3,'Distribuição e Metas'!C42:S53,8,FALSE),"") | N3: =IFERROR(VLOOKUP(B3,'Distribuição e Metas'!C42:S53,7,FALSE),"") | O3: =IFERROR(VLOOKUP(B3,'Distribuição e Metas'!C42:S53,9,FALSE),"")
A4: Ações | B4: SEER3 | C4: =VLOOKUP(B4,'Carteira Ações'!A:B,2,FALSE) | E4: R$ | F4: =VLOOKUP(B4,'Carteira Ações'!A:J,10,FALSE) | G4: =VLOOKUP(B4,'Carteira Ações'!A:K,11,FALSE) | H4: =VLOOKUP(B4,'Carteira Ações'!A:G,7,FALSE) | I4: =VLOOKUP(B4,'Carteira Ações'!A:L,12,FALSE) | J4: =IFERROR(VLOOKUP(B4,'Distribuição e Metas'!C42:S53,3,FALSE),"") | K4: =IFERROR(VLOOKUP(B4,'Distribuição e Metas'!C42:S53,4,FALSE),"") | L4: =IFERROR(VLOOKUP(B4,'Distribuição e Metas'!C42:S53,6,FALSE),"") | M4: =IFERROR(VLOOKUP(B4,'Distribuição e Metas'!C42:S53,8,FALSE),"") | N4: =IFERROR(VLOOKUP(B4,'Distribuição e Metas'!C42:S53,7,FALSE),"") | O4: =IFERROR(VLOOKUP(B4,'Distribuição e Metas'!C42:S53,9,FALSE),"")
A5: Ações | B5: TUPY3 | C5: =VLOOKUP(B5,'Carteira Ações'!A:B,2,FALSE) | E5: R$ | F5: =VLOOKUP(B5,'Carteira Ações'!A:J,10,FALSE) | G5: =VLOOKUP(B5,'Carteira Ações'!A:K,11,FALSE) | H5: =VLOOKUP(B5,'Carteira Ações'!A:G,7,FALSE) | I5: =VLOOKUP(B5,'Carteira Ações'!A:L,12,FALSE) | J5: =IFERROR(VLOOKUP(B5,'Distribuição e Metas'!C42:S53,3,FALSE),"") | K5: =IFERROR(VLOOKUP(B5,'Distribuição e Metas'!C42:S53,4,FALSE),"") | L5: =IFERROR(VLOOKUP(B5,'Distribuição e Metas'!C42:S53,6,FALSE),"") | M5: =IFERROR(VLOOKUP(B5,'Distribuição e Metas'!C42:S53,8,FALSE),"") | N5: =IFERROR(VLOOKUP(B5,'Distribuição e Metas'!C42:S53,7,FALSE),"") | O5: =IFERROR(VLOOKUP(B5,'Distribuição e Metas'!C42:S53,9,FALSE),"")
A6: Ações | B6: AXIA7 | C6: =VLOOKUP(B6,'Carteira Ações'!A:B,2,FALSE) | E6: R$ | F6: =VLOOKUP(B6,'Carteira Ações'!A:J,10,FALSE) | G6: =VLOOKUP(B6,'Carteira Ações'!A:K,11,FALSE) | H6: =VLOOKUP(B6,'Carteira Ações'!A:G,7,FALSE) | I6: =VLOOKUP(B6,'Carteira Ações'!A:L,12,FALSE) | J6: =IFERROR(VLOOKUP(B6,'Distribuição e Metas'!C42:S53,3,FALSE),"") | K6: =IFERROR(VLOOKUP(B6,'Distribuição e Metas'!C42:S53,4,FALSE),"") | L6: =IFERROR(VLOOKUP(B6,'Distribuição e Metas'!C42:S53,6,FALSE),"") | M6: =IFERROR(VLOOKUP(B6,'Distribuição e Metas'!C42:S53,8,FALSE),"") | N6: =IFERROR(VLOOKUP(B6,'Distribuição e Metas'!C42:S53,7,FALSE),"") | O6: =IFERROR(VLOOKUP(B6,'Distribuição e Metas'!C42:S53,9,FALSE),"")
A7: Ações | B7: AGRO3 | C7: =VLOOKUP(B7,'Carteira Ações'!A:B,2,FALSE) | E7: R$ | F7: =VLOOKUP(B7,'Carteira Ações'!A:J,10,FALSE) | G7: =VLOOKUP(B7,'Carteira Ações'!A:K,11,FALSE) | H7: =VLOOKUP(B7,'Carteira Ações'!A:G,7,FALSE) | I7: =VLOOKUP(B7,'Carteira Ações'!A:L,12,FALSE) | J7: =IFERROR(VLOOKUP(B7,'Distribuição e Metas'!C42:S53,3,FALSE),"") | K7: =IFERROR(VLOOKUP(B7,'Distribuição e Metas'!C42:S53,4,FALSE),"") | L7: =IFERROR(VLOOKUP(B7,'Distribuição e Metas'!C42:S53,6,FALSE),"") | M7: =IFERROR(VLOOKUP(B7,'Distribuição e Metas'!C42:S53,8,FALSE),"") | N7: =IFERROR(VLOOKUP(B7,'Distribuição e Metas'!C42:S53,7,FALSE),"") | O7: =IFERROR(VLOOKUP(B7,'Distribuição e Metas'!C42:S53,9,FALSE),"")
A8: Ações | B8: B3SA3 | C8: =VLOOKUP(B8,'Carteira Ações'!A:B,2,FALSE) | E8: R$ | F8: =VLOOKUP(B8,'Carteira Ações'!A:J,10,FALSE) | G8: =VLOOKUP(B8,'Carteira Ações'!A:K,11,FALSE) | H8: =VLOOKUP(B8,'Carteira Ações'!A:G,7,FALSE) | I8: =VLOOKUP(B8,'Carteira Ações'!A:L,12,FALSE) | J8: =IFERROR(VLOOKUP(B8,'Distribuição e Metas'!C42:S53,3,FALSE),"") | K8: =IFERROR(VLOOKUP(B8,'Distribuição e Metas'!C42:S53,4,FALSE),"") | L8: =IFERROR(VLOOKUP(B8,'Distribuição e Metas'!C42:S53,6,FALSE),"") | M8: =IFERROR(VLOOKUP(B8,'Distribuição e Metas'!C42:S53,8,FALSE),"") | N8: =IFERROR(VLOOKUP(B8,'Distribuição e Metas'!C42:S53,7,FALSE),"") | O8: =IFERROR(VLOOKUP(B8,'Distribuição e Metas'!C42:S53,9,FALSE),"")
A9: Ações | B9: BBAS3 | C9: =VLOOKUP(B9,'Carteira Ações'!A:B,2,FALSE) | E9: R$ | F9: =VLOOKUP(B9,'Carteira Ações'!A:J,10,FALSE) | G9: =VLOOKUP(B9,'Carteira Ações'!A:K,11,FALSE) | H9: =VLOOKUP(B9,'Carteira Ações'!A:G,7,FALSE) | I9: =VLOOKUP(B9,'Carteira Ações'!A:L,12,FALSE) | J9: =IFERROR(VLOOKUP(B9,'Distribuição e Metas'!C42:S53,3,FALSE),"") | K9: =IFERROR(VLOOKUP(B9,'Distribuição e Metas'!C42:S53,4,FALSE),"") | L9: =IFERROR(VLOOKUP(B9,'Distribuição e Metas'!C42:S53,6,FALSE),"") | M9: =IFERROR(VLOOKUP(B9,'Distribuição e Metas'!C42:S53,8,FALSE),"") | N9: =IFERROR(VLOOKUP(B9,'Distribuição e Metas'!C42:S53,7,FALSE),"") | O9: =IFERROR(VLOOKUP(B9,'Distribuição e Metas'!C42:S53,9,FALSE),"")
A10: Ações | B10: BBSE3 | C10: =VLOOKUP(B10,'Carteira Ações'!A:B,2,FALSE) | E10: R$ | F10: =VLOOKUP(B10,'Carteira Ações'!A:J,10,FALSE) | G10: =VLOOKUP(B10,'Carteira Ações'!A:K,11,FALSE) | H10: =VLOOKUP(B10,'Carteira Ações'!A:G,7,FALSE) | I10: =VLOOKUP(B10,'Carteira Ações'!A:L,12,FALSE) | J10: =IFERROR(VLOOKUP(B10,'Distribuição e Metas'!C42:S53,3,FALSE),"") | K10: =IFERROR(VLOOKUP(B10,'Distribuição e Metas'!C42:S53,4,FALSE),"") | L10: =IFERROR(VLOOKUP(B10,'Distribuição e Metas'!C42:S53,6,FALSE),"") | M10: =IFERROR(VLOOKUP(B10,'Distribuição e Metas'!C42:S53,8,FALSE),"") | N10: =IFERROR(VLOOKUP(B10,'Distribuição e Metas'!C42:S53,7,FALSE),"") | O10: =IFERROR(VLOOKUP(B10,'Distribuição e Metas'!C42:S53,9,FALSE),"")
A11: Ações | B11: EGIE3 | C11: =VLOOKUP(B11,'Carteira Ações'!A:B,2,FALSE) | E11: R$ | F11: =VLOOKUP(B11,'Carteira Ações'!A:J,10,FALSE) | G11: =VLOOKUP(B11,'Carteira Ações'!A:K,11,FALSE) | H11: =VLOOKUP(B11,'Carteira Ações'!A:G,7,FALSE) | I11: =VLOOKUP(B11,'Carteira Ações'!A:L,12,FALSE) | J11: =IFERROR(VLOOKUP(B11,'Distribuição e Metas'!C42:S53,3,FALSE),"") | K11: =IFERROR(VLOOKUP(B11,'Distribuição e Metas'!C42:S53,4,FALSE),"") | L11: =IFERROR(VLOOKUP(B11,'Distribuição e Metas'!C42:S53,6,FALSE),"") | M11: =IFERROR(VLOOKUP(B11,'Distribuição e Metas'!C42:S53,8,FALSE),"") | N11: =IFERROR(VLOOKUP(B11,'Distribuição e Metas'!C42:S53,7,FALSE),"") | O11: =IFERROR(VLOOKUP(B11,'Distribuição e Metas'!C42:S53,9,FALSE),"")
A12: Ações | B12: PETR4 | C12: =VLOOKUP(B12,'Carteira Ações'!A:B,2,FALSE) | E12: R$ | F12: =VLOOKUP(B12,'Carteira Ações'!A:J,10,FALSE) | G12: =VLOOKUP(B12,'Carteira Ações'!A:K,11,FALSE) | H12: =VLOOKUP(B12,'Carteira Ações'!A:G,7,FALSE) | I12: =VLOOKUP(B12,'Carteira Ações'!A:L,12,FALSE) | J12: =IFERROR(VLOOKUP(B12,'Distribuição e Metas'!C42:S53,3,FALSE),"") | K12: =IFERROR(VLOOKUP(B12,'Distribuição e Metas'!C42:S53,4,FALSE),"") | L12: =IFERROR(VLOOKUP(B12,'Distribuição e Metas'!C42:S53,6,FALSE),"") | M12: =IFERROR(VLOOKUP(B12,'Distribuição e Metas'!C42:S53,8,FALSE),"") | N12: =IFERROR(VLOOKUP(B12,'Distribuição e Metas'!C42:S53,7,FALSE),"") | O12: =IFERROR(VLOOKUP(B12,'Distribuição e Metas'!C42:S53,9,FALSE),"")
A13: Ações | B13: VALE3 | C13: =VLOOKUP(B13,'Carteira Ações'!A:B,2,FALSE) | E13: R$ | F13: =VLOOKUP(B13,'Carteira Ações'!A:J,10,FALSE) | G13: =VLOOKUP(B13,'Carteira Ações'!A:K,11,FALSE) | H13: =VLOOKUP(B13,'Carteira Ações'!A:G,7,FALSE) | I13: =VLOOKUP(B13,'Carteira Ações'!A:L,12,FALSE) | J13: =IFERROR(VLOOKUP(B13,'Distribuição e Metas'!C42:S53,3,FALSE),"") | K13: =IFERROR(VLOOKUP(B13,'Distribuição e Metas'!C42:S53,4,FALSE),"") | L13: =IFERROR(VLOOKUP(B13,'Distribuição e Metas'!C42:S53,6,FALSE),"") | M13: =IFERROR(VLOOKUP(B13,'Distribuição e Metas'!C42:S53,8,FALSE),"") | N13: =IFERROR(VLOOKUP(B13,'Distribuição e Metas'!C42:S53,7,FALSE),"") | O13: =IFERROR(VLOOKUP(B13,'Distribuição e Metas'!C42:S53,9,FALSE),"")
A14: FIIs | B14: BTLG11 | C14: =VLOOKUP(B14,'Carteira FIIs'!A:B,2,FALSE) | D14: =VLOOKUP(B14,'Carteira FIIs'!A:C,3,FALSE) | E14: R$ | F14: =VLOOKUP(B14,'Carteira FIIs'!A:H,8,FALSE) | G14: =VLOOKUP(B14,'Carteira FIIs'!A:I,9,FALSE) | H14: =VLOOKUP(B14,'Carteira FIIs'!A:E,5,FALSE) | I14: =VLOOKUP(B14,'Carteira FIIs'!A:J,10,FALSE) | J14: =IFERROR(VLOOKUP(B14,'Distribuição e Metas'!C82:S91,3,FALSE),"") | K14: =IFERROR(VLOOKUP(B14,'Distribuição e Metas'!C82:S91,4,FALSE),"") | L14: =IFERROR(VLOOKUP(B14,'Distribuição e Metas'!C82:S91,6,FALSE),"") | M14: =IFERROR(VLOOKUP(B14,'Distribuição e Metas'!C82:S91,8,FALSE),"")
A15: FIIs | B15: GARE11 | C15: =VLOOKUP(B15,'Carteira FIIs'!A:B,2,FALSE) | D15: =VLOOKUP(B15,'Carteira FIIs'!A:C,3,FALSE) | E15: R$ | F15: =VLOOKUP(B15,'Carteira FIIs'!A:H,8,FALSE) | G15: =VLOOKUP(B15,'Carteira FIIs'!A:I,9,FALSE) | H15: =VLOOKUP(B15,'Carteira FIIs'!A:E,5,FALSE) | I15: =VLOOKUP(B15,'Carteira FIIs'!A:J,10,FALSE) | J15: =IFERROR(VLOOKUP(B15,'Distribuição e Metas'!C82:S91,3,FALSE),"") | K15: =IFERROR(VLOOKUP(B15,'Distribuição e Metas'!C82:S91,4,FALSE),"") | L15: =IFERROR(VLOOKUP(B15,'Distribuição e Metas'!C82:S91,6,FALSE),"") | M15: =IFERROR(VLOOKUP(B15,'Distribuição e Metas'!C82:S91,8,FALSE),"")
A16: FIIs | B16: PMLL11 | C16: =VLOOKUP(B16,'Carteira FIIs'!A:B,2,FALSE) | D16: =VLOOKUP(B16,'Carteira FIIs'!A:C,3,FALSE) | E16: R$ | F16: =VLOOKUP(B16,'Carteira FIIs'!A:H,8,FALSE) | G16: =VLOOKUP(B16,'Carteira FIIs'!A:I,9,FALSE) | H16: =VLOOKUP(B16,'Carteira FIIs'!A:E,5,FALSE) | I16: =VLOOKUP(B16,'Carteira FIIs'!A:J,10,FALSE) | J16: =IFERROR(VLOOKUP(B16,'Distribuição e Metas'!C82:S91,3,FALSE),"") | K16: =IFERROR(VLOOKUP(B16,'Distribuição e Metas'!C82:S91,4,FALSE),"") | L16: =IFERROR(VLOOKUP(B16,'Distribuição e Metas'!C82:S91,6,FALSE),"") | M16: =IFERROR(VLOOKUP(B16,'Distribuição e Metas'!C82:S91,8,FALSE),"")
A17: FIIs | B17: VGIP11 | C17: =VLOOKUP(B17,'Carteira FIIs'!A:B,2,FALSE) | D17: =VLOOKUP(B17,'Carteira FIIs'!A:C,3,FALSE) | E17: R$ | F17: =VLOOKUP(B17,'Carteira FIIs'!A:H,8,FALSE) | G17: =VLOOKUP(B17,'Carteira FIIs'!A:I,9,FALSE) | H17: =VLOOKUP(B17,'Carteira FIIs'!A:E,5,FALSE) | I17: =VLOOKUP(B17,'Carteira FIIs'!A:J,10,FALSE) | J17: =IFERROR(VLOOKUP(B17,'Distribuição e Metas'!C82:S91,3,FALSE),"") | K17: =IFERROR(VLOOKUP(B17,'Distribuição e Metas'!C82:S91,4,FALSE),"") | L17: =IFERROR(VLOOKUP(B17,'Distribuição e Metas'!C82:S91,6,FALSE),"") | M17: =IFERROR(VLOOKUP(B17,'Distribuição e Metas'!C82:S91,8,FALSE),"")
A18: FIIs | B18: TRXF11 | C18: =VLOOKUP(B18,'Carteira FIIs'!A:B,2,FALSE) | D18: =VLOOKUP(B18,'Carteira FIIs'!A:C,3,FALSE) | E18: R$ | F18: =VLOOKUP(B18,'Carteira FIIs'!A:H,8,FALSE) | G18: =VLOOKUP(B18,'Carteira FIIs'!A:I,9,FALSE) | H18: =VLOOKUP(B18,'Carteira FIIs'!A:E,5,FALSE) | I18: =VLOOKUP(B18,'Carteira FIIs'!A:J,10,FALSE) | J18: =IFERROR(VLOOKUP(B18,'Distribuição e Metas'!C82:S91,3,FALSE),"") | K18: =IFERROR(VLOOKUP(B18,'Distribuição e Metas'!C82:S91,4,FALSE),"") | L18: =IFERROR(VLOOKUP(B18,'Distribuição e Metas'!C82:S91,6,FALSE),"") | M18: =IFERROR(VLOOKUP(B18,'Distribuição e Metas'!C82:S91,8,FALSE),"")
A19: FIIs | B19: RECR11 | C19: =VLOOKUP(B19,'Carteira FIIs'!A:B,2,FALSE) | D19: =VLOOKUP(B19,'Carteira FIIs'!A:C,3,FALSE) | E19: R$ | F19: =VLOOKUP(B19,'Carteira FIIs'!A:H,8,FALSE) | G19: =VLOOKUP(B19,'Carteira FIIs'!A:I,9,FALSE) | H19: =VLOOKUP(B19,'Carteira FIIs'!A:E,5,FALSE) | I19: =VLOOKUP(B19,'Carteira FIIs'!A:J,10,FALSE) | J19: =IFERROR(VLOOKUP(B19,'Distribuição e Metas'!C82:S91,3,FALSE),"") | K19: =IFERROR(VLOOKUP(B19,'Distribuição e Metas'!C82:S91,4,FALSE),"") | L19: =IFERROR(VLOOKUP(B19,'Distribuição e Metas'!C82:S91,6,FALSE),"") | M19: =IFERROR(VLOOKUP(B19,'Distribuição e Metas'!C82:S91,8,FALSE),"")
A20: FIIs | B20: RBRY11 | C20: =VLOOKUP(B20,'Carteira FIIs'!A:B,2,FALSE) | D20: =VLOOKUP(B20,'Carteira FIIs'!A:C,3,FALSE) | E20: R$ | F20: =VLOOKUP(B20,'Carteira FIIs'!A:H,8,FALSE) | G20: =VLOOKUP(B20,'Carteira FIIs'!A:I,9,FALSE) | H20: =VLOOKUP(B20,'Carteira FIIs'!A:E,5,FALSE) | I20: =VLOOKUP(B20,'Carteira FIIs'!A:J,10,FALSE) | J20: =IFERROR(VLOOKUP(B20,'Distribuição e Metas'!C82:S91,3,FALSE),"") | K20: =IFERROR(VLOOKUP(B20,'Distribuição e Metas'!C82:S91,4,FALSE),"") | L20: =IFERROR(VLOOKUP(B20,'Distribuição e Metas'!C82:S91,6,FALSE),"") | M20: =IFERROR(VLOOKUP(B20,'Distribuição e Metas'!C82:S91,8,FALSE),"")
A21: FIIs | B21: KNUQ11 | C21: =VLOOKUP(B21,'Carteira FIIs'!A:B,2,FALSE) | D21: =VLOOKUP(B21,'Carteira FIIs'!A:C,3,FALSE) | E21: R$ | F21: =VLOOKUP(B21,'Carteira FIIs'!A:H,8,FALSE) | G21: =VLOOKUP(B21,'Carteira FIIs'!A:I,9,FALSE) | H21: =VLOOKUP(B21,'Carteira FIIs'!A:E,5,FALSE) | I21: =VLOOKUP(B21,'Carteira FIIs'!A:J,10,FALSE) | J21: =IFERROR(VLOOKUP(B21,'Distribuição e Metas'!C82:S91,3,FALSE),"") | K21: =IFERROR(VLOOKUP(B21,'Distribuição e Metas'!C82:S91,4,FALSE),"") | L21: =IFERROR(VLOOKUP(B21,'Distribuição e Metas'!C82:S91,6,FALSE),"") | M21: =IFERROR(VLOOKUP(B21,'Distribuição e Metas'!C82:S91,8,FALSE),"")
A22: FIIs | B22: HGRU11 | C22: =VLOOKUP(B22,'Carteira FIIs'!A:B,2,FALSE) | D22: =VLOOKUP(B22,'Carteira FIIs'!A:C,3,FALSE) | E22: R$ | F22: =VLOOKUP(B22,'Carteira FIIs'!A:H,8,FALSE) | G22: =VLOOKUP(B22,'Carteira FIIs'!A:I,9,FALSE) | H22: =VLOOKUP(B22,'Carteira FIIs'!A:E,5,FALSE) | I22: =VLOOKUP(B22,'Carteira FIIs'!A:J,10,FALSE) | J22: =IFERROR(VLOOKUP(B22,'Distribuição e Metas'!C82:S91,3,FALSE),"") | K22: =IFERROR(VLOOKUP(B22,'Distribuição e Metas'!C82:S91,4,FALSE),"") | L22: =IFERROR(VLOOKUP(B22,'Distribuição e Metas'!C82:S91,6,FALSE),"") | M22: =IFERROR(VLOOKUP(B22,'Distribuição e Metas'!C82:S91,8,FALSE),"")
A23: FIIs | B23: XPML11 | C23: =VLOOKUP(B23,'Carteira FIIs'!A:B,2,FALSE) | D23: =VLOOKUP(B23,'Carteira FIIs'!A:C,3,FALSE) | E23: R$ | F23: =VLOOKUP(B23,'Carteira FIIs'!A:H,8,FALSE) | G23: =VLOOKUP(B23,'Carteira FIIs'!A:I,9,FALSE) | H23: =VLOOKUP(B23,'Carteira FIIs'!A:E,5,FALSE) | I23: =VLOOKUP(B23,'Carteira FIIs'!A:J,10,FALSE) | J23: =IFERROR(VLOOKUP(B23,'Distribuição e Metas'!C82:S91,3,FALSE),"") | K23: =IFERROR(VLOOKUP(B23,'Distribuição e Metas'!C82:S91,4,FALSE),"") | L23: =IFERROR(VLOOKUP(B23,'Distribuição e Metas'!C82:S91,6,FALSE),"") | M23: =IFERROR(VLOOKUP(B23,'Distribuição e Metas'!C82:S91,8,FALSE),"")
A24: Ações EUA | B24: GPRK | C24: =VLOOKUP(B24,'Carteira Ações USA'!A:B,2,FALSE) | E24: US$ | F24: =VLOOKUP(B24,'Carteira Ações USA'!A:J,10,FALSE) | G24: =VLOOKUP(B24,'Carteira Ações USA'!A:K,11,FALSE) | H24: =VLOOKUP(B24,'Carteira Ações USA'!A:G,7,FALSE) | I24: =VLOOKUP(B24,'Carteira Ações USA'!A:L,12,FALSE) | J24: =IFERROR(VLOOKUP(B24,'Distribuição e Metas'!C59:Q65,3,FALSE),"") | K24: =IFERROR(VLOOKUP(B24,'Distribuição e Metas'!C59:Q65,4,FALSE),"") | L24: =IFERROR(VLOOKUP(B24,'Distribuição e Metas'!C59:Q65,6,FALSE),"") | M24: =IFERROR(VLOOKUP(B24,'Distribuição e Metas'!C59:Q65,8,FALSE),"")
A25: Ações EUA | B25: CHTR | C25: =VLOOKUP(B25,'Carteira Ações USA'!A:B,2,FALSE) | E25: US$ | F25: =VLOOKUP(B25,'Carteira Ações USA'!A:J,10,FALSE) | G25: =VLOOKUP(B25,'Carteira Ações USA'!A:K,11,FALSE) | H25: =VLOOKUP(B25,'Carteira Ações USA'!A:G,7,FALSE) | I25: =VLOOKUP(B25,'Carteira Ações USA'!A:L,12,FALSE) | J25: =IFERROR(VLOOKUP(B25,'Distribuição e Metas'!C59:Q65,3,FALSE),"") | K25: =IFERROR(VLOOKUP(B25,'Distribuição e Metas'!C59:Q65,4,FALSE),"") | L25: =IFERROR(VLOOKUP(B25,'Distribuição e Metas'!C59:Q65,6,FALSE),"") | M25: =IFERROR(VLOOKUP(B25,'Distribuição e Metas'!C59:Q65,8,FALSE),"")
A26: Ações EUA | B26: SIRI | C26: =VLOOKUP(B26,'Carteira Ações USA'!A:B,2,FALSE) | E26: US$ | F26: =VLOOKUP(B26,'Carteira Ações USA'!A:J,10,FALSE) | G26: =VLOOKUP(B26,'Carteira Ações USA'!A:K,11,FALSE) | H26: =VLOOKUP(B26,'Carteira Ações USA'!A:G,7,FALSE) | I26: =VLOOKUP(B26,'Carteira Ações USA'!A:L,12,FALSE) | J26: =IFERROR(VLOOKUP(B26,'Distribuição e Metas'!C59:Q65,3,FALSE),"") | K26: =IFERROR(VLOOKUP(B26,'Distribuição e Metas'!C59:Q65,4,FALSE),"") | L26: =IFERROR(VLOOKUP(B26,'Distribuição e Metas'!C59:Q65,6,FALSE),"") | M26: =IFERROR(VLOOKUP(B26,'Distribuição e Metas'!C59:Q65,8,FALSE),"")
A27: Ações EUA | B27: EWBC | C27: =VLOOKUP(B27,'Carteira Ações USA'!A:B,2,FALSE) | E27: US$ | F27: =VLOOKUP(B27,'Carteira Ações USA'!A:J,10,FALSE) | G27: =VLOOKUP(B27,'Carteira Ações USA'!A:K,11,FALSE) | H27: =VLOOKUP(B27,'Carteira Ações USA'!A:G,7,FALSE) | I27: =VLOOKUP(B27,'Carteira Ações USA'!A:L,12,FALSE) | J27: =IFERROR(VLOOKUP(B27,'Distribuição e Metas'!C59:Q65,3,FALSE),"") | K27: =IFERROR(VLOOKUP(B27,'Distribuição e Metas'!C59:Q65,4,FALSE),"") | L27: =IFERROR(VLOOKUP(B27,'Distribuição e Metas'!C59:Q65,6,FALSE),"") | M27: =IFERROR(VLOOKUP(B27,'Distribuição e Metas'!C59:Q65,8,FALSE),"")
A28: Ações EUA | B28: PAM | C28: =VLOOKUP(B28,'Carteira Ações USA'!A:B,2,FALSE) | E28: US$ | F28: =VLOOKUP(B28,'Carteira Ações USA'!A:J,10,FALSE) | G28: =VLOOKUP(B28,'Carteira Ações USA'!A:K,11,FALSE) | H28: =VLOOKUP(B28,'Carteira Ações USA'!A:G,7,FALSE) | I28: =VLOOKUP(B28,'Carteira Ações USA'!A:L,12,FALSE) | J28: =IFERROR(VLOOKUP(B28,'Distribuição e Metas'!C59:Q65,3,FALSE),"") | K28: =IFERROR(VLOOKUP(B28,'Distribuição e Metas'!C59:Q65,4,FALSE),"") | L28: =IFERROR(VLOOKUP(B28,'Distribuição e Metas'!C59:Q65,6,FALSE),"") | M28: =IFERROR(VLOOKUP(B28,'Distribuição e Metas'!C59:Q65,8,FALSE),"")
A29: Ações EUA | B29: PROSY | C29: =VLOOKUP(B29,'Carteira Ações USA'!A:B,2,FALSE) | E29: US$ | F29: =VLOOKUP(B29,'Carteira Ações USA'!A:J,10,FALSE) | G29: =VLOOKUP(B29,'Carteira Ações USA'!A:K,11,FALSE) | H29: =VLOOKUP(B29,'Carteira Ações USA'!A:G,7,FALSE) | I29: =VLOOKUP(B29,'Carteira Ações USA'!A:L,12,FALSE) | J29: =IFERROR(VLOOKUP(B29,'Distribuição e Metas'!C59:Q65,3,FALSE),"") | K29: =IFERROR(VLOOKUP(B29,'Distribuição e Metas'!C59:Q65,4,FALSE),"") | L29: =IFERROR(VLOOKUP(B29,'Distribuição e Metas'!C59:Q65,6,FALSE),"") | M29: =IFERROR(VLOOKUP(B29,'Distribuição e Metas'!C59:Q65,8,FALSE),"")
A30: Ações EUA | B30: VNOM | C30: =VLOOKUP(B30,'Carteira Ações USA'!A:B,2,FALSE) | E30: US$ | F30: =VLOOKUP(B30,'Carteira Ações USA'!A:J,10,FALSE) | G30: =VLOOKUP(B30,'Carteira Ações USA'!A:K,11,FALSE) | H30: =VLOOKUP(B30,'Carteira Ações USA'!A:G,7,FALSE) | I30: =VLOOKUP(B30,'Carteira Ações USA'!A:L,12,FALSE) | J30: =IFERROR(VLOOKUP(B30,'Distribuição e Metas'!C59:Q65,3,FALSE),"") | K30: =IFERROR(VLOOKUP(B30,'Distribuição e Metas'!C59:Q65,4,FALSE),"") | L30: =IFERROR(VLOOKUP(B30,'Distribuição e Metas'!C59:Q65,6,FALSE),"") | M30: =IFERROR(VLOOKUP(B30,'Distribuição e Metas'!C59:Q65,8,FALSE),"")
